,#var,#clause,#literal,tw,lp,#mis,#eqv,time_z3,mem_z3
\spur,9.811442339075638,6.57218921989758,4.689472560590239,10.94757150559595,7.705704376450916,13.061097845223449,37.869199411681464,3.3678980836611654,5.975424657823581
\unigen,6.8970530614829135,8.255814546663053,11.738903564389352,2.766405892943075,7.993678011804868,27.184868410158735,31.78240883917009,1.4158020452410807,1.9650656281468288
D4,9.311752278838751,8.139771306420043,4.417910543143918,10.313892431507034,10.925931138539038,14.536405859349436,34.45825438606201,3.7533316970333503,4.1427503591064045
sharpSAT,9.68875561055335,6.810191279256118,5.291408346659154,11.77867988785587,7.664571284947589,16.066109361676517,34.356282844626755,3.2197731096243936,5.124228274800234
\spur fm,21.401534815827223,4.232872386758022,1.7364572894782615,21.810671077268605,4.6343124072416675,5.154145831973574,8.74360413034199,15.512425584130371,16.773976476980295
\unigen fm,3.2670854616288714,9.083901161900613,9.726646540846062,10.767406037100582,9.313373303353954,26.187995843655575,27.278839756509587,1.270802300722456,3.1039495942823043
D4 fm,9.135336675810864,3.954477616378564,2.2079983802536147,13.256641113591675,5.941434671326089,24.023328515763513,26.566748855517325,8.584772400504093,6.329261770854257
sharpSAT fm,10.745463820175841,7.024932851430613,7.010094488173345,15.484296725448694,6.338096632239242,20.56100714429535,19.140889902062348,7.356810837686448,6.338407598488127
