,#var,#clause,#literal,tw,lp,#mis,#eqv,time_z3,mem_z3
\spur,10.421944956315102,6.828521908063006,4.788795641649964,10.582099340995125,7.485260739727874,14.319777455526058,36.34080468453597,3.2453292034887475,5.987466069698165
\unigen,6.363794279731717,7.0805671562130135,12.716872272389395,2.752171459546384,9.124803781766772,24.93402993323163,33.38932994173962,1.4888035165980615,2.149627658783404
D4,9.325543600987373,7.7225006626272785,4.163988264407331,10.203211639044254,10.183930358543464,14.380561307205673,36.07012214185933,3.9772581487942014,3.972883876531101
sharpSAT,9.90640768698646,7.112107386288065,5.589428886345088,10.645570933221867,7.728119611589529,15.610370525586287,35.00478164090059,3.0778266149215265,5.3253867141606035
\spur fm,23.681766400395674,3.1186538182683288,1.9113661836857576,20.675265958772233,3.6788022323187675,5.770873040595302,9.238044812724086,15.087886894625974,16.83734065861389
\unigen fm,3.0100709706687327,9.585015118206911,9.062855072013116,10.77267677382809,12.166381019040356,25.481985194641503,23.896872846421072,0.8778993350575933,5.146243670122629
D4 fm,6.463688637999125,4.647910226591561,2.2998576928091166,15.169799794086408,4.989205995124531,26.424341780998116,25.34520633080712,9.647569136600465,5.0124204049835654
sharpSAT fm,10.837265369852197,8.622297140290016,6.49044765705671,15.825049775343075,6.504570310593959,18.54265673882361,19.970455335378006,7.410974817801493,5.796282854860946
