,#var,#clause,#literal,tw,lp,#mis,#eqv,time_z3,mem_z3
\spur,10.152013692181649,6.774491899067906,5.00855842588796,10.399996745005549,7.6755950933156,13.24267573232607,37.68976767235087,3.2558808225168065,5.801019917347596
\unigen,6.569364774626314,7.90288916769116,11.600377143675493,2.647612196344757,8.43888970205045,26.843934065427096,32.25911751124744,1.4162698369388773,2.321545601998429
D4,9.24353186560777,8.03124948342415,4.208993121365527,9.945495542438511,10.912035527277412,14.40142723145146,35.75369704796494,3.689897811541244,3.813672368928999
sharpSAT,9.591865394110918,6.869185547793009,5.278814623534952,10.435547244756053,7.848981422446465,16.22031695806661,35.35659255419159,3.1077742181685473,5.290922036931862
\spur fm,22.306908834275934,4.3152566255399005,1.6044614668492034,22.26344278696643,5.207523954384761,5.005941480827591,7.2093030169473895,15.634947640524416,16.452214193684387
\unigen fm,3.135636466460717,10.264735376451753,10.267647278114952,8.729983285553164,8.519840325582647,24.77661617234958,27.8398306183194,1.2301421064029883,5.235568370764806
D4 fm,8.149897588955671,4.0820361240706236,1.9849705462795586,12.921525373927425,3.5554061743605065,26.84122074643249,28.273067190600614,8.246915621941074,5.944960633432029
sharpSAT fm,10.634689647333223,7.55710843632346,6.414538967262626,17.149153508843266,6.944866514737622,18.37986845043907,19.954136464462806,6.544052203773272,6.421585806824657
