,#var,#clause,#literal,tw,lp,#mis,#eqv,time_z3,mem_z3
\spur,9.44984682668302,6.28167057873222,5.148304341028346,11.218970037497142,7.632485987289495,15.277443070690873,36.536477928036106,3.167275760121445,5.28752546992135
\unigen,7.047643666719325,8.9174068502617,12.06397961111977,2.7669208960073677,8.391013749739114,26.758584460167956,30.519727134109647,1.4972053520227597,2.037518279852354
D4,9.312112668333151,8.465233751530306,4.491541308330245,9.688303369495173,11.059038141435341,14.241787500013444,34.85158617578957,3.585629754244967,4.304767330827809
sharpSAT,9.606136595262058,6.333839832829538,5.6401657930654,11.876764979394057,7.726923974625908,15.853741350908933,34.521271609526046,3.1244339115649487,5.316721952823117
\spur fm,10.021659979582687,5.860421931418876,6.124438065845577,17.544226590164747,7.330216528093854,19.98762679434785,19.92145720722795,7.545663799407726,5.664289103910731
\unigen fm,2.8924464289711684,8.927021131767022,10.506586859844486,10.53906755744434,9.47567310714939,24.701525439387545,26.9920035147408,1.1721108589614535,4.793565101733783
D4 fm,7.816611867512306,4.534291329812539,2.2598883875766154,12.675023181342674,4.0248534945672505,25.655517001183004,27.60408855593427,9.82828843001334,5.601437752058007
sharpSAT fm,13.076616185087714,6.9882549546794515,5.851300455149499,15.322373934217485,6.861101006848899,20.190219554429103,19.365907557396948,6.499532113736419,5.844694238454473
