,#var,#clause,#literal,tw,lp,#mis,#eqv,time_z3,mem_z3
\spur,10.745359394118676,6.42972168098504,5.711196338078342,11.940055748323989,7.630505754052604,12.587385873685713,35.948474714134335,3.3383203309418943,5.6689801656794
\unigen,8.246387104619068,10.7417654111358,14.34847850206731,2.8632084638592423,8.953748798431374,15.74089627174548,35.09915945627163,1.9578864101951743,2.048469581674932
D4,10.629880771342053,7.924960651963913,4.208224671005502,11.76775564371078,11.476738183226958,10.519751213102412,34.70520219403182,4.05688690274038,4.71059976887619
sharpSAT,10.352078347756093,6.582431393093449,5.264364956245894,12.78729092521387,7.341830045308899,13.530015053415811,35.26677006580206,3.2460943787154117,5.629124834448505
\spur fm,11.256298216125451,6.9279993737598,6.506764225942535,15.830029124980783,6.111767220854914,20.086866287758465,19.355940239115927,7.663652923165477,6.260682388296647
\unigen fm,3.751459438057296,9.68616685411835,9.355746223637668,10.31959444233821,9.13729861885151,26.233036487728562,25.87746770752467,1.1385637322191997,4.500666495524541
D4 fm,7.948591605953295,4.955716768865612,1.8745602183328425,12.290801043888544,4.33020484592071,28.339387841151854,23.22819486489187,10.204251542069837,6.828291268925425
sharpSAT fm,11.036759466458122,6.854106181181076,6.498090077601478,14.833810707937156,7.150898044568733,20.308970743513413,20.38373070240576,6.985642512442062,5.947991563892193
