,\spur,\unigen,D4,sharpSAT,\spur fm,\unigen fm,D4 fm,sharpSAT fm
cnst 1,0.5,0.5,0.5,0.5,0.5,0.5,0.5,0.5
DT,0.8990196078431372,0.9708505032763627,0.9235667600373483,0.8915441176470589,0.696031746031746,0.9126666666666667,0.8333333333333333,0.7
RF 10,0.8964460784313725,0.9635209079240693,0.9338562091503269,0.8914215686274509,0.7,1.0,0.8333333333333333,0.7
RF 100,0.8839460784313725,0.9771836789839897,0.9588422035480859,0.8789215686274509,0.7,1.0,0.8333333333333333,0.696031746031746
RF 1000,0.8776960784313724,0.9771836789839897,0.9509056956115779,0.8839460784313725,0.696031746031746,1.0,0.8333333333333333,0.696031746031746
