,\spur,\unigen,\spur fm,\unigen fm,\spur non fm,\unigen non fm
cnst 0,0.5,0.5,0.5,0.5,0.5,0.5
cnst 1,0.5,0.5,0.5,0.5,0.5,0.5
DT,0.8387096774193549,0.9733840304182511,0.5,1.0,0.8333333333333333,0.9527272727272728
RF 10,0.8513513513513514,0.9709864603481624,0.5714285714285715,1.0,0.8391608391608392,0.9372693726937269
