,\spur,\unigen,D4,sharpSAT,\spur fm,\unigen fm,D4 fm,sharpSAT fm
cnst 0,0.0,0.0,0.0,0.0,0.0,0.0,0.0,0.0
cnst 1,0.28169014084507044,0.6986666666666667,0.22867513611615248,0.28169014084507044,0.07352941176470588,0.9765625,0.04477611940298508,0.07352941176470588
DT,0.8205128205128205,0.9733840304182511,0.8661417322834646,0.8407643312101911,0.5,0.9960159362549801,0.8,0.5714285714285715
RF 10,0.8104575163398693,0.9807692307692307,0.890625,0.8571428571428571,0.5714285714285715,0.9960159362549801,0.8,0.5
