,#var,#clause,#literal,tw,lp,#mis,time_z3,mem_z3
\spur,4.023233292713978,16.212421760347706,20.81899920072572,25.342283764639838,17.860489160570904,2.962176929392752,2.951475704499117,9.828920187109986
\unigen,27.684113201036542,20.962633280095677,12.66852852610889,4.479115811892362,10.530877318489473,18.24711572115809,1.8427246339522152,3.584891507266753
D4,4.483595330048969,20.030696887681607,19.075601777473242,21.769031482415276,16.35630412294546,3.519287914110192,3.1483468378428165,11.617135647482444
sharpSAT,4.504525396399633,16.33473649227226,21.078510599444318,25.267773962287432,17.75745191845432,3.376614369308352,3.2532681149105165,8.427119146923172
\spur fm,10.253178366698751,17.984295933782,18.72723661126977,17.492195147974424,15.594957538517452,6.0776311161689165,1.150380460690427,12.72012482489827
\unigen fm,18.535210864583405,20.6131248253764,20.34600188408147,6.581969982666551,10.672357925354536,21.65426177632111,1.2866121413471714,0.31046060026935424
D4 fm,9.678861275544655,16.318752085945885,18.55520525277474,15.455423692486534,19.280113692471737,7.577631597064573,0.9258876374566447,12.208124766255242
sharpSAT fm,13.467089020219289,14.863077931038132,14.434080393342333,12.50458095625444,9.393806366898529,15.75802054207171,5.62942044523585,13.949924344939719
